DataSet,psnr,ssim
Set5,28.486101810349645,0.8240005612373352
Set14,25.42537804958018,0.7250901535153389
BSD100,25.608883427039224,0.69264385253191
Urban100,23.350531773741316,0.7096438032388687
SunHays80,No data,No data
