DataSet,psnr,ssim
Set5,28.465443742004858,0.8278645396232605
Set14,25.424870295210567,0.728563072780768
BSD100,25.593330132691396,0.6937689584493637
Urban100,23.391320542138306,0.7153791749477386
SunHays80,No data,No data
