DataSet,psnr,ssim
Set5,28.565631324164475,0.8295497417449951
Set14,25.487659441086027,0.7290567283829054
BSD100,25.592208613011763,0.6946936681866646
Urban100,23.441631579766405,0.718781112730503
SunHays80,No data,No data
