DataSet,psnr,ssim
Set5,28.002510770751606,0.814661693572998
Set14,25.16164106675144,0.7189340889453888
BSD100,25.436357788963047,0.688070193529129
Urban100,23.060172118776695,0.6971578159928322
SunHays80,No data,No data
