DataSet,psnr,ssim
Set5,27.61777493191831,0.8047971129417419
Set14,24.882401904818668,0.7122816865642866
BSD100,25.20423672849949,0.6833864313364029
Urban100,22.752514861727235,0.6833868914842606
SunHays80,No data,No data
