DataSet,psnr,ssim
Set5,27.113757978911146,0.7858937382698059
Set14,24.477674528214333,0.6922342777252197
BSD100,25.002442658027757,0.6709449905157089
Urban100,22.347659735488,0.6567012122273446
SunHays80,No data,No data
