DataSet,psnr,ssim
Set5,27.818682377139663,0.8048269748687744
Set14,24.967733259067458,0.7092014451821645
BSD100,25.27343127142727,0.6808217829465866
Urban100,22.81571667539383,0.6820983043313027
SunHays80,No data,No data
