DataSet,psnr,ssim
Set5,28.477593988582612,0.8276451110839844
Set14,25.459882598238995,0.7262689645091692
BSD100,25.62584199111865,0.6930571475625038
Urban100,23.298482318117134,0.7080199337005615
SunHays80,No data,No data
