DataSet,psnr,ssim
Set5,28.48015449881887,0.8276876211166382
Set14,25.467301927711773,0.7262606248259544
BSD100,25.60224600103251,0.6919861465692521
Urban100,23.38279019664739,0.7114194574952125
SunHays80,No data,No data
