DataSet,psnr,ssim
Set5,27.375317906151167,0.7942901611328125
Set14,24.646981466794614,0.7004091218113899
BSD100,24.955108393084814,0.6724590849876404
Urban100,22.525515455297544,0.6656949153542518
SunHays80,No data,No data
