DataSet,psnr,ssim
Set5,28.390262493501428,0.8240429401397705
Set14,25.4380231966215,0.7246904795368513
BSD100,25.543806073060832,0.6912789556384087
Urban100,23.305005403465252,0.7113181850314141
SunHays80,No data,No data
