DataSet,psnr,ssim
Set5,28.192303300695517,0.8163336873054504
Set14,25.243271167661643,0.7172676126162211
BSD100,25.460808956194807,0.6871921640634536
Urban100,23.087801501367927,0.6934320014715195
SunHays80,No data,No data
