DataSet,psnr,ssim
Set5,28.751356814461257,0.8337131857872009
Set14,25.55977599211621,0.7339434872070948
BSD100,25.70134318326673,0.6979898807406425
Urban100,23.579139492572725,0.7224492979049683
SunHays80,No data,No data
