DataSet,psnr,ssim
Set5,17.19610149514376,0.5369688212871552
Set14,16.581851311032917,0.4793900102376938
BSD100,18.04103689823112,0.47986144676804543
Urban100,16.27582611468142,0.44104591563344003
SunHays80,No data,No data
