DataSet,psnr,ssim
Set5,28.75135672906844,0.8337119817733765
Set14,25.559776010474625,0.7339399407307307
BSD100,25.701343241801204,0.6979876840114594
Urban100,23.579139478786487,0.7224480298161506
SunHays80,No data,No data
