DataSet,psnr,ssim
Set5,18.878621936915735,0.5175111711025238
Set14,18.139157947277827,0.4758685293296973
BSD100,19.636929191860894,0.4690182738006115
Urban100,17.771641911750166,0.4288200843334198
SunHays80,No data,No data
