DataSet,psnr,ssim
Set5,28.39026240276728,0.8240451335906982
Set14,25.438023081682584,0.7246972645322481
BSD100,25.54380598381203,0.6912825286388398
Urban100,23.305005350548573,0.7113204151391983
SunHays80,No data,No data
