DataSet,psnr,ssim
Set5,27.580186008228658,0.8041777729988098
Set14,24.75539060601813,0.7067586158712705
BSD100,25.139037376637642,0.6794719111919403
Urban100,22.663529181885934,0.6780290395021439
SunHays80,No data,No data
