DataSet,psnr,ssim
Set5,28.311397012845966,0.8185472011566162
Set14,25.30178453989693,0.7209612975517908
BSD100,25.51572839148959,0.6880407565832138
Urban100,23.132400759156326,0.7000279149413109
SunHays80,No data,No data
